Workbook
Name Averagesalary: Analysis!$B$2
Name HEADCOUNT: Analysis!$A$2
Name Left: Analysis!$K$15
Name rate: Analysis!$D$12
Name resigned: Analysis!$K$20
Name Slicer_Department_Name: #N/A
Name Slicer_Employment_Status: #N/A
Name Slicer_Performance_Band: #N/A
Name Slicer_Years: #N/A

Sheet Lookup_Departments
A1: Dept_Code | B1: Department_Name
A2: HR01 | B2: Human Resources
A3: IT02 | B3: Information Technology
A4: FIN03 | B4: Finance
A5: MKT04 | B5: Marketing
A6: SAL05 | B6: Sales
A7: OPS06 | B7: Operations

Sheet Raw_Employee_Data
B1: Emp ID | C1: First_Name | D1: Last_Name | E1: Full Name | F1: Dept Code | G1: Hire Date | H1: Salary | J1: Perf_Score | L1: Employment Status | M1: Department Name | N1: Year of Service | O1: Performance Band | P1: gible Bonus % | Q1: Eligible Bonus Amount | T1: First_Name Last_Name
B2: EMP127 | C2: Emily | D2: Brown | E2: Emily Brown | F2: IT02 | G2: 43093 | H2: 50361 | I2: =AVERAGE(H2:H151) -> 83603.94 | J2: 52 | K2: =AVERAGE(J2:J151) -> 68.073333 | L2: Active | M2: =VLOOKUP(F2,Lookup_Departments!A:B,2,0) -> Information Technology | N2: =ROUND((TODAY()-((G:G)))/365.25,1) -> 8.5 | O2: =IF(J2>95,"Outstanding",IF(J2>85,"Exceeding",IF(J2>70,"Achieving",IF(J2>50,"Developing",IF(J2<50,"Needs Improvement","Needs Improvement"))))) -> Developing | P2: =IF(J2>95,"0.12",IF(J2>85,"0.08",IF(J2>70,"0.05",IF(J2>50,"0.02",IF(J2<50,"0","0"))))) -> 0.02 | Q2: =H2*P2 -> 1007.22 | R2: =UPPER(F2) -> IT02 | S2: =TRIM(R2) -> IT02 | T2: Emily Brown | U2: =TRIM(T2) -> Emily Brown | V2: =PROPER(L2) -> Active | W2: =TRIM(V2) -> Active
B3: EMP046 | C3: Richard | D3: Hernandez | E3: Richard Hernandez | F3: MKT04 | G3: 44777 | H3: 112673 | J3: 68 | L3: Active | M3: =VLOOKUP(F3,Lookup_Departments!A:B,2,0) -> Marketing | N3: =ROUND((TODAY()-((G:G)))/365.25,1) -> 3.9 | O3: =IF(J3>95,"Outstanding",IF(J3>85,"Exceeding",IF(J3>70,"Achieving",IF(J3>50,"Developing",IF(J3<50,"Needs Improvement","Needs Improvement"))))) -> Developing | P3: =IF(J3>95,"0.12",IF(J3>85,"0.08",IF(J3>70,"0.05",IF(J3>50,"0.02",IF(J3<50,"0","0"))))) -> 0.02 | Q3: =H3*P3 -> 2253.46 | R3: =UPPER(F3) -> MKT04 | S3: =TRIM(R3) -> MKT04 | T3: Richard Hernandez | U3: =TRIM(T3) -> Richard Hernandez | V3: =PROPER(L3) -> Active | W3: =TRIM(V3) -> Active
B4: EMP134 | C4: Emily | D4: Gonzalez | E4: Emily Gonzalez | F4: IT02 | G4: 42403 | H4: 114425 | J4: 54 | L4: Left | M4: =VLOOKUP(F4,Lookup_Departments!A:B,2,0) -> Information Technology | N4: =ROUND((TODAY()-((G:G)))/365.25,1) -> 10.4 | O4: =IF(J4>95,"Outstanding",IF(J4>85,"Exceeding",IF(J4>70,"Achieving",IF(J4>50,"Developing",IF(J4<50,"Needs Improvement","Needs Improvement"))))) -> Developing | P4: =IF(J4>95,"0.12",IF(J4>85,"0.08",IF(J4>70,"0.05",IF(J4>50,"0.02",IF(J4<50,"0","0"))))) -> 0.02 | Q4: =H4*P4 -> 2288.5 | R4: =UPPER(F4) -> IT02 | S4: =TRIM(R4) -> IT02 | T4: Emily Gonzalez | U4: =TRIM(T4) -> Emily Gonzalez | V4: =PROPER(L4) -> Left | W4: =TRIM(V4) -> Left
B5: EMP139 | C5: John | D5: Martinez | E5: John Martinez | F5: FIN03 | G5: 44992 | H5: 103831 | J5: 70 | L5: Active | M5: =VLOOKUP(F5,Lookup_Departments!A:B,2,0) -> Finance | N5: =ROUND((TODAY()-((G:G)))/365.25,1) -> 3.3 | O5: =IF(J5>95,"Outstanding",IF(J5>85,"Exceeding",IF(J5>70,"Achieving",IF(J5>50,"Developing",IF(J5<50,"Needs Improvement","Needs Improvement"))))) -> Developing | P5: =IF(J5>95,"0.12",IF(J5>85,"0.08",IF(J5>70,"0.05",IF(J5>50,"0.02",IF(J5<50,"0","0"))))) -> 0.02 | Q5: =H5*P5 -> 2076.62 | R5: =UPPER(F5) -> FIN03 | S5: =TRIM(R5) -> FIN03 | T5: John Martinez | U5: =TRIM(T5) -> John Martinez | V5: =PROPER(L5) -> Active | W5: =TRIM(V5) -> Active
B6: EMP112 | C6: Thomas | D6: Smith | E6: Thomas Smith | F6: IT02 | G6: 44977 | H6: 73785 | J6: 40 | L6: Left | M6: =VLOOKUP(F6,Lookup_Departments!A:B,2,0) -> Information Technology | N6: =ROUND((TODAY()-((G:G)))/365.25,1) -> 3.4 | O6: =IF(J6>95,"Outstanding",IF(J6>85,"Exceeding",IF(J6>70,"Achieving",IF(J6>50,"Developing",IF(J6<50,"Needs Improvement","Needs Improvement"))))) -> Needs Improvement | P6: =IF(J6>95,"0.12",IF(J6>85,"0.08",IF(J6>70,"0.05",IF(J6>50,"0.02",IF(J6<50,"0","0"))))) -> 0 | Q6: =H6*P6 -> 0 | R6: =UPPER(F6) -> IT02 | S6: =TRIM(R6) -> IT02 | T6: Thomas Smith | U6: =TRIM(T6) -> Thomas Smith | V6: =PROPER(L6) -> Left | W6: =TRIM(V6) -> Left
B7: EMP030 | C7: Emily | D7: Johnson | E7: Emily Johnson | F7: OPS06 | G7: 43864 | H7: 115882 | J7: 49 | L7: Active | M7: =VLOOKUP(F7,Lookup_Departments!A:B,2,0) -> Operations | N7: =ROUND((TODAY()-((G:G)))/365.25,1) -> 6.4 | O7: =IF(J7>95,"Outstanding",IF(J7>85,"Exceeding",IF(J7>70,"Achieving",IF(J7>50,"Developing",IF(J7<50,"Needs Improvement","Needs Improvement"))))) -> Needs Improvement | P7: =IF(J7>95,"0.12",IF(J7>85,"0.08",IF(J7>70,"0.05",IF(J7>50,"0.02",IF(J7<50,"0","0"))))) -> 0 | Q7: =H7*P7 -> 0 | R7: =UPPER(F7) -> OPS06 | S7: =TRIM(R7) -> OPS06 | T7: Emily Johnson | U7: =TRIM(T7) -> Emily Johnson | V7: =PROPER(L7) -> Active | W7: =TRIM(V7) -> Active
B8: EMP096 | C8: John | D8: Wilson | E8: John Wilson | F8: OPS06 | G8: 45272 | H8: 59980 | J8: 70 | L8: Left | M8: =VLOOKUP(F8,Lookup_Departments!A:B,2,0) -> Operations | N8: =ROUND((TODAY()-((G:G)))/365.25,1) -> 2.6 | O8: =IF(J8>95,"Outstanding",IF(J8>85,"Exceeding",IF(J8>70,"Achieving",IF(J8>50,"Developing",IF(J8<50,"Needs Improvement","Needs Improvement"))))) -> Developing | P8: =IF(J8>95,"0.12",IF(J8>85,"0.08",IF(J8>70,"0.05",IF(J8>50,"0.02",IF(J8<50,"0","0"))))) -> 0.02 | Q8: =H8*P8 -> 1199.6 | R8: =UPPER(F8) -> OPS06 | S8: =TRIM(R8) -> OPS06 | T8: John Wilson | U8: =TRIM(T8) -> John Wilson | V8: =PROPER(L8) -> Left | W8: =TRIM(V8) -> Left
B9: EMP098 | C9: Jessica | D9: Smith | E9: Jessica Smith | F9: OPS06 | G9: 44086 | H9: 68728 | J9: 45 | L9: Active | M9: =VLOOKUP(F9,Lookup_Departments!A:B,2,0) -> Operations | N9: =ROUND((TODAY()-((G:G)))/365.25,1) -> 5.8 | O9: =IF(J9>95,"Outstanding",IF(J9>85,"Exceeding",IF(J9>70,"Achieving",IF(J9>50,"Developing",IF(J9<50,"Needs Improvement","Needs Improvement"))))) -> Needs Improvement | P9: =IF(J9>95,"0.12",IF(J9>85,"0.08",IF(J9>70,"0.05",IF(J9>50,"0.02",IF(J9<50,"0","0"))))) -> 0 | Q9: =H9*P9 -> 0 | R9: =UPPER(F9) -> OPS06 | S9: =TRIM(R9) -> OPS06 | T9: Jessica Smith | U9: =TRIM(T9) -> Jessica Smith | V9: =PROPER(L9) -> Active | W9: =TRIM(V9) -> Active
B10: EMP095 | C10: Rodriguez | D10: Rodriguez | E10: Rodriguez Rodriguez | F10: FIN03 | G10: 43282 | H10: 102139 | J10: 79 | L10: Active | M10: =VLOOKUP(F10,Lookup_Departments!A:B,2,0) -> Finance | N10: =ROUND((TODAY()-((G:G)))/365.25,1) -> 8 | O10: =IF(J10>95,"Outstanding",IF(J10>85,"Exceeding",IF(J10>70,"Achieving",IF(J10>50,"Developing",IF(J10<50,"Needs Improvement","Needs Improvement"))))) -> Achieving | P10: =IF(J10>95,"0.12",IF(J10>85,"0.08",IF(J10>70,"0.05",IF(J10>50,"0.02",IF(J10<50,"0","0"))))) -> 0.05 | Q10: =H10*P10 -> 5106.95 | R10: =UPPER(F10) -> FIN03 | S10: =TRIM(R10) -> FIN03 | T10: Rodriguez Rodriguez | U10: =TRIM(T10) -> Rodriguez Rodriguez | V10: =PROPER(L10) -> Active | W10: =TRIM(V10) -> Active
B11: EMP140 | C11: Michael | D11: Martinez | E11: Michael Martinez | F11: SAL05 | G11: 42411 | H11: 94998 | J11: 58 | L11: Active | M11: =VLOOKUP(F11,Lookup_Departments!A:B,2,0) -> Sales | N11: =ROUND((TODAY()-((G:G)))/365.25,1) -> 10.4 | O11: =IF(J11>95,"Outstanding",IF(J11>85,"Exceeding",IF(J11>70,"Achieving",IF(J11>50,"Developing",IF(J11<50,"Needs Improvement","Needs Improvement"))))) -> Developing | P11: =IF(J11>95,"0.12",IF(J11>85,"0.08",IF(J11>70,"0.05",IF(J11>50,"0.02",IF(J11<50,"0","0"))))) -> 0.02 | Q11: =H11*P11 -> 1899.96 | R11: =UPPER(F11) -> SAL05 | S11: =TRIM(R11) -> SAL05 | T11: Michael Martinez | U11: =TRIM(T11) -> Michael Martinez | V11: =PROPER(L11) -> Active | W11: =TRIM(V11) -> Active
B12: EMP020 | C12: Emily | D12: Miller | E12: Emily Miller | F12: SAL05 | G12: 43911 | H12: 118635 | J12: 49 | L12: Active | M12: =VLOOKUP(F12,Lookup_Departments!A:B,2,0) -> Sales | N12: =ROUND((TODAY()-((G:G)))/365.25,1) -> 6.3 | O12: =IF(J12>95,"Outstanding",IF(J12>85,"Exceeding",IF(J12>70,"Achieving",IF(J12>50,"Developing",IF(J12<50,"Needs Improvement","Needs Improvement"))))) -> Needs Improvement | P12: =IF(J12>95,"0.12",IF(J12>85,"0.08",IF(J12>70,"0.05",IF(J12>50,"0.02",IF(J12<50,"0","0"))))) -> 0 | Q12: =H12*P12 -> 0 | R12: =UPPER(F12) -> SAL05 | S12: =TRIM(R12) -> SAL05 | T12: Emily Miller | U12: =TRIM(T12) -> Emily Miller | V12: =PROPER(L12) -> Active | W12: =TRIM(V12) -> Active
B13: EMP057 | C13: Emily | D13: Hernandez | E13: Emily Hernandez | F13: IT02 | G13: 42425 | H13: 76918 | J13: 62 | L13: Active | M13: =VLOOKUP(F13,Lookup_Departments!A:B,2,0) -> Information Technology | N13: =ROUND((TODAY()-((G:G)))/365.25,1) -> 10.4 | O13: =IF(J13>95,"Outstanding",IF(J13>85,"Exceeding",IF(J13>70,"Achieving",IF(J13>50,"Developing",IF(J13<50,"Needs Improvement","Needs Improvement"))))) -> Developing | P13: =IF(J13>95,"0.12",IF(J13>85,"0.08",IF(J13>70,"0.05",IF(J13>50,"0.02",IF(J13<50,"0","0"))))) -> 0.02 | Q13: =H13*P13 -> 1538.36 | R13: =UPPER(F13) -> IT02 | S13: =TRIM(R13) -> IT02 | T13: Emily Hernandez | U13: =TRIM(T13) -> Emily Hernandez | V13: =PROPER(L13) -> Active | W13: =TRIM(V13) -> Active
B14: EMP016 | C14: Jane | D14: Williams | E14: Jane Williams | F14: MKT04 | G14: 44364 | H14: 61408 | J14: 48 | L14: Active | M14: =VLOOKUP(F14,Lookup_Departments!A:B,2,0) -> Marketing | N14: =ROUND((TODAY()-((G:G)))/365.25,1) -> 5.1 | O14: =IF(J14>95,"Outstanding",IF(J14>85,"Exceeding",IF(J14>70,"Achieving",IF(J14>50,"Developing",IF(J14<50,"Needs Improvement","Needs Improvement"))))) -> Needs Improvement | P14: =IF(J14>95,"0.12",IF(J14>85,"0.08",IF(J14>70,"0.05",IF(J14>50,"0.02",IF(J14<50,"0","0"))))) -> 0 | Q14: =H14*P14 -> 0 | R14: =UPPER(F14) -> MKT04 | S14: =TRIM(R14) -> MKT04 | T14: Jane Williams | U14: =TRIM(T14) -> Jane Williams | V14: =PROPER(L14) -> Active | W14: =TRIM(V14) -> Active
... B151: EMP103 | C151: Amanda | D151: Brown | E151: Amanda Brown | F151: IT02 | G151: 44848 | H151: 118634 | J151: 91 | L151: Active | M151: =VLOOKUP(F151,Lookup_Departments!A:B,2,0) -> Information Technology | N151: =ROUND((TODAY()-((G:G)))/365.25,1) -> 3.7 | O151: =IF(J151>95,"Outstanding",IF(J151>85,"Exceeding",IF(J151>70,"Achieving",IF(J151>50,"Developing",IF(J151<50,"Needs Improvement","Needs Improvement"))))) -> Exceeding | P151: =IF(J151>95,"0.12",IF(J151>85,"0.08",IF(J151>70,"0.05",IF(J151>50,"0.02",IF(J151<50,"0","0"))))) -> 0.08 | Q151: =H151*P151 -> 9490.72 | R151: =UPPER(F151) -> IT02 | S151: =TRIM(R151) -> IT02 | T151: Amanda Brown | U151: =TRIM(T151) -> Amanda Brown | V151: =PROPER(L151) -> Active | W151: =TRIM(V151) -> Active
M152: =VLOOKUP(F152,Lookup_Departments!A:B,2,0) -> #N/A | N152: =ROUND((TODAY()-((G:G)))/365.25,1) -> 126.5 | O152: =IF(J152>95,"Outstanding",IF(J152>85,"Exceeding",IF(J152>70,"Achieving",IF(J152>50,"Developing",IF(J152<50,"Needs Improvement","Needs Improvement"))))) -> Needs Improvement | P152: =IF(J152>95,"0.12",IF(J152>85,"0.08",IF(J152>70,"0.05",IF(J152>50,"0.02",IF(J152<50,"0","0"))))) -> 0 | Q152: =H152*P152 -> 0 | U152: =TRIM(T152) | V152: =PROPER(L152)
M153: =VLOOKUP(F153,Lookup_Departments!A:B,2,0) -> #N/A | N153: =ROUND((TODAY()-((G:G)))/365.25,1) -> 126.5 | O153: =IF(J153>95,"Outstanding",IF(J153>85,"Exceeding",IF(J153>70,"Achieving",IF(J153>50,"Developing",IF(J153<50,"Needs Improvement","Needs Improvement"))))) -> Needs Improvement | P153: =IF(J153>95,"0.12",IF(J153>85,"0.08",IF(J153>70,"0.05",IF(J153>50,"0.02",IF(J153<50,"0","0"))))) -> 0 | Q153: =H153*P153 -> 0 | U153: =TRIM(T153) | V153: =PROPER(L153)
M154: =VLOOKUP(F154,Lookup_Departments!A:B,2,0) -> #N/A | N154: =ROUND((TODAY()-((G:G)))/365.25,1) -> 126.5 | O154: =IF(J154>95,"Outstanding",IF(J154>85,"Exceeding",IF(J154>70,"Achieving",IF(J154>50,"Developing",IF(J154<50,"Needs Improvement","Needs Improvement"))))) -> Needs Improvement | P154: =IF(J154>95,"0.12",IF(J154>85,"0.08",IF(J154>70,"0.05",IF(J154>50,"0.02",IF(J154<50,"0","0"))))) -> 0 | Q154: =H154*P154 -> 0 | U154: =TRIM(T154) | V154: =PROPER(L154)
M155: =VLOOKUP(F155,Lookup_Departments!A:B,2,0) -> #N/A | N155: =ROUND((TODAY()-((G:G)))/365.25,1) -> 126.5 | O155: =IF(J155>95,"Outstanding",IF(J155>85,"Exceeding",IF(J155>70,"Achieving",IF(J155>50,"Developing",IF(J155<50,"Needs Improvement","Needs Improvement"))))) -> Needs Improvement | P155: =IF(J155>95,"0.12",IF(J155>85,"0.08",IF(J155>70,"0.05",IF(J155>50,"0.02",IF(J155<50,"0","0"))))) -> 0 | Q155: =H155*P155 -> 0 | U155: =TRIM(T155) | V155: =PROPER(L155)
M156: =VLOOKUP(F156,Lookup_Departments!A:B,2,0) -> #N/A | N156: =ROUND((TODAY()-((G:G)))/365.25,1) -> 126.5 | O156: =IF(J156>95,"Outstanding",IF(J156>85,"Exceeding",IF(J156>70,"Achieving",IF(J156>50,"Developing",IF(J156<50,"Needs Improvement","Needs Improvement"))))) -> Needs Improvement | P156: =IF(J156>95,"0.12",IF(J156>85,"0.08",IF(J156>70,"0.05",IF(J156>50,"0.02",IF(J156<50,"0","0"))))) -> 0 | Q156: =H156*P156 -> 0 | U156: =TRIM(T156) | V156: =PROPER(L156)
M157: =VLOOKUP(F157,Lookup_Departments!A:B,2,0) -> #N/A | N157: =ROUND((TODAY()-((G:G)))/365.25,1) -> 126.5 | O157: =IF(J157>95,"Outstanding",IF(J157>85,"Exceeding",IF(J157>70,"Achieving",IF(J157>50,"Developing",IF(J157<50,"Needs Improvement","Needs Improvement"))))) -> Needs Improvement | P157: =IF(J157>95,"0.12",IF(J157>85,"0.08",IF(J157>70,"0.05",IF(J157>50,"0.02",IF(J157<50,"0","0"))))) -> 0 | Q157: =H157*P157 -> 0 | U157: =TRIM(T157) | V157: =PROPER(L157)
M158: =VLOOKUP(F158,Lookup_Departments!A:B,2,0) -> #N/A | N158: =ROUND((TODAY()-((G:G)))/365.25,1) -> 126.5 | O158: =IF(J158>95,"Outstanding",IF(J158>85,"Exceeding",IF(J158>70,"Achieving",IF(J158>50,"Developing",IF(J158<50,"Needs Improvement","Needs Improvement"))))) -> Needs Improvement | P158: =IF(J158>95,"0.12",IF(J158>85,"0.08",IF(J158>70,"0.05",IF(J158>50,"0.02",IF(J158<50,"0","0"))))) -> 0 | Q158: =H158*P158 -> 0 | U158: =TRIM(T158) | V158: =PROPER(L158)

Sheet Clean Data
B1: Emp ID | C1: First_Name | D1: Last_Name | E1: Full Name | F1: Dept Code | G1: Hire Date | H1: Salary | I1: Perf_Score | J1: Employment Status | K1: Department Name | L1: Year of Service | M1: Performance Band | N1: Eligible Bonus % | O1: Eligible Bonus Amount
B2: EMP127 | C2: Emily | D2: Brown | E2: Emily Brown | F2: IT02 | G2: 43093 | H2: 50361 | I2: 52 | J2: Active | K2: Information Technology | L2: 8.5 | M2: Developing | N2: 0.02 | O2: 1007.22
B3: EMP046 | C3: Richard | D3: Hernandez | E3: Richard Hernandez | F3: MKT04 | G3: 44777 | H3: 112673 | I3: 68 | J3: Active | K3: Marketing | L3: 3.9 | M3: Developing | N3: 0.02 | O3: 2253.46
B4: EMP134 | C4: Emily | D4: Gonzalez | E4: Emily Gonzalez | F4: IT02 | G4: 42403 | H4: 114425 | I4: 54 | J4: Left | K4: Information Technology | L4: 10.4 | M4: Developing | N4: 0.02 | O4: 2288.5
B5: EMP139 | C5: John | D5: Martinez | E5: John Martinez | F5: FIN03 | G5: 44992 | H5: 103831 | I5: 70 | J5: Active | K5: Finance | L5: 3.3 | M5: Developing | N5: 0.02 | O5: 2076.62
B6: EMP112 | C6: Thomas | D6: Smith | E6: Thomas Smith | F6: IT02 | G6: 44977 | H6: 73785 | I6: 40 | J6: Left | K6: Information Technology | L6: 3.4 | M6: Needs Improvement | N6: 0 | O6: 0
B7: EMP030 | C7: Emily | D7: Johnson | E7: Emily Johnson | F7: OPS06 | G7: 43864 | H7: 115882 | I7: 49 | J7: Active | K7: Operations | L7: 6.4 | M7: Needs Improvement | N7: 0 | O7: 0
B8: EMP096 | C8: John | D8: Wilson | E8: John Wilson | F8: OPS06 | G8: 45272 | H8: 59980 | I8: 70 | J8: Left | K8: Operations | L8: 2.6 | M8: Developing | N8: 0.02 | O8: 1199.6
B9: EMP098 | C9: Jessica | D9: Smith | E9: Jessica Smith | F9: OPS06 | G9: 44086 | H9: 68728 | I9: 45 | J9: Active | K9: Operations | L9: 5.8 | M9: Needs Improvement | N9: 0 | O9: 0
B10: EMP095 | C10: Rodriguez | D10: Rodriguez | E10: Rodriguez Rodriguez | F10: FIN03 | G10: 43282 | H10: 102139 | I10: 79 | J10: Active | K10: Finance | L10: 8 | M10: Achieving | N10: 0.05 | O10: 5106.95
B11: EMP140 | C11: Michael | D11: Martinez | E11: Michael Martinez | F11: SAL05 | G11: 42411 | H11: 94998 | I11: 58 | J11: Active | K11: Sales | L11: 10.4 | M11: Developing | N11: 0.02 | O11: 1899.96
B12: EMP020 | C12: Emily | D12: Miller | E12: Emily Miller | F12: SAL05 | G12: 43911 | H12: 118635 | I12: 49 | J12: Active | K12: Sales | L12: 6.3 | M12: Needs Improvement | N12: 0 | O12: 0
B13: EMP057 | C13: Emily | D13: Hernandez | E13: Emily Hernandez | F13: IT02 | G13: 42425 | H13: 76918 | I13: 62 | J13: Active | K13: Information Technology | L13: 10.4 | M13: Developing | N13: 0.02 | O13: 1538.36
... B151: EMP103 | C151: Amanda | D151: Brown | E151: Amanda Brown | F151: IT02 | G151: 44848 | H151: 118634 | I151: 91 | J151: Active | K151: Information Technology | L151: 3.7 | M151: Exceeding | N151: 0.08 | O151: 9490.72

Sheet Analysis
A1: Total HeadCount | B1: Average of Salary | C1: Department | D1: Average of Salary | F1: Performance Band | G1: Eligible Bonus Amount | I1: Employment Status | J1: Department Name | K1: Sum of Perf_Score | L1: Sum of Perf_Score2
A2: 150 | B2: 83603.94 | C2: Finance | D2: 87173.588 | F2: Needs Improvement | G2: 0 | I2: Active | J2: Finance | K2: 0.093722456 | L2: 957
C3: Sales | D3: 86333.097 | F3: Outstanding | G3: 75846.12 | J3: Human Resources | K3: 0.10273235 | L3: 1049
C4: Human Resources | D4: 85536.278 | F4: Developing | G4: 84665.58 | J4: Information Technology | K4: 0.18440897 | L4: 1883
C5: Marketing | D5: 85407.947 | F5: Achieving | G5: 154412.05 | J5: Marketing | K5: 0.11703065 | L5: 1195
C6: Information Technology | D6: 80512.833 | F6: Exceeding | G6: 155733.04 | J6: Operations | K6: 0.122417 | L6: 1250
C7: Operations | D7: 80049.931 | F7: Grand Total | G7: 470656.79 | J7: Sales | K7: 0.14925081 | L7: 1524
C8: Grand Total | D8: 83603.94 | I8: Active Total | K8: 0.76956224 | L8: 7858
I9: Left | J9: Finance | K9: 0.021055724 | L9: 215
A10: Employment Status | B10: Column Labels | J10: Human Resources | K10: 0.013906571 | L10: 142
A11: Department Name | B11: Left | C11: Attrittion Rate | D11: Overall attrition | F11: Employment Status | G11: Average of Perf_Score | J11: Information Technology | K11: 0.03045735 | L11: 311
A12: Operations | B12: 0.25 | C12: 0.25 | D12: =Left+resigned -> 0.23043776 | F12: Active | G12: 67.741379 | J12: Marketing | K12: 0.019194986 | L12: 196
A13: Information Technology | B13: 0.25 | C13: 0.25 | F13: Left | G13: 66.208333 | J13: Operations | K13: 0.043384585 | L13: 443
A14: Sales | B14: 0.16666667 | C14: 0.16666667 | F14: Grand Total | G14: 67.478571 | J14: Sales | K14: 0.027617275 | L14: 282
A15: Finance | B15: 0.125 | C15: 0.125 | I15: Left Total | K15: 0.15561649 | L15: 1589
A16: Marketing | B16: 0.125 | C16: 0.125 | I16: Resigned | J16: Human Resources | K16: 0.0085202233 | L16: 87
A17: Human Resources | B17: 0.083333333 | C17: 0.083333333 | J17: Information Technology | K17: 0.015669376 | L17: 160
A18: Attrittion Rate | B18: 1 | C18: 1 | J18: Operations | K18: 0.032807756 | L18: 335
J19: Sales | K19: 0.017823915 | L19: 182
I20: Resigned Total | K20: 0.074821271 | L20: 764
I21: Grand Total | K21: 1 | L21: 10211
A27: Hire Date | B27: Salary per Year
A28: 2015 | B28: 1140272
A29: 2016 | B29: 1420219
A30: 2017 | B30: 1558168
A31: 2018 | B31: 1414314
A32: 2019 | B32: 1295150
A33: 2020 | B33: 1529763
A34: 2021 | B34: 1227676
A35: 2022 | B35: 1596642
A36: 2023 | B36: 1358387
A37: Grand Total | B37: 12540591

Sheet HR Dashboard

Sheet Lookup_Performance
A1: Min_Score | B1: Max_Score | C1: Performance_Band | D1: Bonus_Percentage
A2: 0 | B2: 49 | C2: Needs Improvement | D2: 0
A3: 50 | B3: 69 | C3: Developing | D3: 0.02
A4: 70 | B4: 84 | C4: Achieving | D4: 0.05
A5: 85 | B5: 94 | C5: Exceeding | D5: 0.08
A6: 95 | B6: 100 | C6: Outstanding | D6: 0.12
